{
  "mse": 0.22163315051797686,
  "precision": 0.7148585901224145,
  "recall": 0.5970386039132733,
  "f1": 0.6506579579291134
}