{
  "mse": 0.22358318098720292,
  "precision": 0.7131914893617022,
  "recall": 0.590869028732593,
  "f1": 0.6462932613515858
}